<?xml version="1.0" encoding="UTF-8"?>
<ouvrages>
  <ouvrage id="1">
    <titre>math</titre>
    <auteurs>[Auteur [id=1, nom=ahmed, prenom=idrissi], Auteur [id=2, nom=karim, prenom=alaoui]]</auteurs>
    <annee>2010</annee>
    <maison_edition>ensam</maison_edition>
  </ouvrage>
  <ouvrage id="2">
    <titre>sql</titre>
    <auteurs>[Auteur [id=1, nom=ahmed, prenom=idrissi], Auteur [id=2, nom=karim, prenom=alaoui]]</auteurs>
    <annee>2022</annee>
    <maison_edition>ensam</maison_edition>
  </ouvrage>
</ouvrages>
